,first_name,last_name,gender,dob,phone,email,ZIP,city,state
1,janice,byrd,F,1996-09-07,+15167906776,jbyrd96@gmail.com,5143,Chester,VT
2,amanda,husk,F,2007-05-18,+12067545582,ahusk07@yahoo.com,48204,Detroit,MI
3,lee,phillips,F,1991-02-25,+18933950035,lee.phillips@outlook.com,75640,Diana,TX
4,elmer,campbell,M,1969-04-19,+13778724391,elmer.campbell@gmail.com,47446,Mitchell,IN
5,archie,edwards,M,1996-04-24,+18818127933,aedwards96@gmail.com,93041,Port Hueneme,CA
6,carol,kuhlman,F,1978-06-03,+18916469356,carol.kuhlman@aol.com,94952,Petaluma,CA
7,peggy,jones,F,1979-04-09,+15984354097,peggy.jones@outlook.com,13327,Croghan,NY
8,elizabeth,lee,F,1991-07-28,+13276575460,elizabeth.lee@gmail.com,60188,Carol Stream,IL
9,jimmy,jo,M,1986-11-29,+18088226082,jjo86@gmail.com,10467,Bronx,NY
10,joe,freeman,M,1991-03-22,+15254431593,joe.freeman@outlook.com,55412,Minneapolis,MN
11,craig,mitchell,M,1978-10-13,+16244078882,craig.mitchell@gmail.com,65037,Gravois Mills,MO
12,richard,elmore,M,1997-04-24,+18252939519,relmore97@yahoo.com,38941,Itta Bena,MS
13,mary,vaccaro,F,1993-09-12,+14245177845,mary.vaccaro@gmail.com,92026,Escondido,CA
14,patsy,antle,F,2003-08-16,+11800590207,pantle03@yahoo.com,60015,Deerfield,IL
15,ella,shoaf,F,1992-10-25,+17744873040,ella.shoaf@aol.com,37327,Dunlap,TN
16,david,larsen,M,2000-09-01,+17243919419,david.larsen@yahoo.com,98303,Anderson Island,WA
17,darrell,shields,M,1997-11-06,+13912944096,darrell.shields@gmail.com,73456,Ringling,OK
18,leah,black,F,2000-08-30,+1734502141,leah.black@gmail.com,37055,Dickson,TN
19,annette,gaspar,F,1984-05-03,+13496319147,agaspar84@yahoo.com,3276,Tilton,NH
20,gene,granados,F,1980-02-25,+12493968699,ggranados80@outlook.com,90404,Santa Monica,CA
21,evelyn,bowen,F,1994-12-16,+17748581052,ebowen94@aol.com,75154,Red Oak,TX
22,kristi,taylor,F,2000-09-03,+12621863895,ktaylor00@gmail.com,2769,Rehoboth,MA
23,andrew,griffin,M,1968-09-24,+16851694748,agriffin68@gmail.com,81052,Lamar,CO
24,colton,kimball,M,1996-02-10,+12934649833,colton.kimball@gmail.com,33615,Tampa,FL
25,rhonda,jones,F,1984-04-14,+18421288540,rjones84@gmail.com,56304,Saint Cloud,MN
26,rebecca,norfleet,F,1985-06-15,+12353403701,rebecca.norfleet@gmail.com,80537,Loveland,CO
27,john,pope,M,1990-08-21,+18850091659,jpope90@yahoo.com,54449,Marshfield,WI
28,jason,bryan,M,1995-01-20,+15478110322,jbryan95@gmail.com,46224,Indianapolis,IN
29,regina,kaczor,F,1997-05-28,+16831221069,regina.kaczor@yahoo.com,80524,Fort Collins,CO
30,richard,gist,M,2003-05-09,+13979776582,rgist03@gmail.com,97306,Salem,OR
31,virginia,barnhart,F,2002-04-01,+15393114104,vbarnhart02@yahoo.com,63125,Saint Louis,MO
32,richard,reach,M,1977-09-15,+11784703869,rreach77@gmail.com,98258,Lake Stevens,WA
33,christopher,roesch,M,1989-11-19,+11670371855,christopher.roesch@gmail.com,42445,Princeton,KY
34,alfred,donaldson,M,1997-03-12,+17428581335,adonaldson97@gmail.com,14132,Sanborn,NY
35,jeffrey,madison,M,1996-11-23,+12985255928,jeffrey.madison@outlook.com,13760,Endicott,NY
36,matthew,driscoll,M,1941-11-11,+14525725387,matthew.driscoll@aol.com,47562,Odon,IN
37,vicki,moore,F,1979-01-10,+13950615430,vmoore79@yahoo.com,37330,Estill Springs,TN
38,gary,strader,M,1997-08-11,+13258715823,gary.strader@gmail.com,93933,Marina,CA
39,byron,roberts,M,2007-08-14,+16306885505,byron.roberts@gmail.com,72601,Harrison,AR
40,greta,tolson,F,1970-07-20,+18834074426,greta.tolson@outlook.com,7039,Livingston,NJ
41,monica,michaels,F,1987-02-06,+18460124037,monica.michaels@gmail.com,75098,Wylie,TX
42,lynette,castor,F,2003-04-24,+15265542275,lynette.castor@gmail.com,51350,Melvin,IA
43,delbert,lewis,M,1995-09-01,+18042404718,delbert.lewis@icloud.com,30341,Atlanta,GA
44,vicki,mclean,F,1994-05-23,+16923572468,vmclean94@gmail.com,47432,French Lick,IN
45,jean,ellis,F,2008-08-29,+17570099400,jean.ellis@gmail.com,28721,Clyde,NC
46,melanie,townley,F,1982-02-23,+16550067566,mtownley82@yahoo.com,31204,Macon,GA
47,charles,groves,M,2007-10-28,+18218533938,charles.groves@aol.com,95670,Rancho Cordova,CA
48,jennifer,lacy,F,1994-11-19,+14939503387,jlacy94@yahoo.com,39056,Clinton,MS
49,wayne,grullon,M,2003-01-29,+16419608756,wgrullon03@gmail.com,27806,Aurora,NC
50,mark,bulter,M,1991-02-14,+14535438550,mark.bulter@gmail.com,727,Caguas,PR
51,curtis,brown,M,1981-12-13,+13110663415,cbrown81@yahoo.com,36609,Mobile,AL
52,john,bennett,M,2003-08-21,+18940329091,jbennett03@gmail.com,54465,Pickerel,WI
53,michael,johnson,M,1989-07-11,+14778397052,mjohnson89@gmail.com,40517,Lexington,KY
54,garfield,brennan,M,1974-12-12,+18386693360,garfield.brennan@outlook.com,83202,Pocatello,ID
55,nicolette,huitt,F,2001-02-10,+11697275342,nicolette.huitt@gmail.com,38506,Cookeville,TN
56,angela,bullard,F,1988-06-22,+14753135668,abullard88@outlook.com,32258,Jacksonville,FL
57,sandra,green,F,1985-05-18,+16062060754,sandra.green@gmail.com,19973,Seaford,DE
58,robin,briggs,F,1993-12-04,+180815580,robin.briggs@gmail.com,78504,Mcallen,TX
59,wade,larue,M,1974-11-10,+18130425017,wlarue74@yahoo.com,61705,Bloomington,IL
60,myrtle,hines,F,1975-12-08,+15178242201,mhines75@yahoo.com,94591,Vallejo,CA
61,clarence,gaines,M,1991-09-30,+18301042541,clarence.gaines@gmail.com,27317,Randleman,NC
62,maria,weeks,F,2000-10-08,+15711015426,maria.weeks@gmail.com,89441,Sparks,NV
63,arturo,campbell,M,1982-05-02,+17117052462,acampbell82@icloud.com,75020,Denison,TX
64,heidi,harrison,F,2006-08-01,+16371962989,hharrison06@gmail.com,11516,Cedarhurst,NY
65,albert,mathews,M,2006-09-06,+18184394461,amathews06@gmail.com,80220,Denver,CO
66,kimberly,kelly,F,2001-12-09,+17715934748,kkelly01@gmail.com,58445,Grace City,ND
67,jennifer,frazier,F,1991-05-26,+14663881185,jennifer.frazier@yahoo.com,10452,Bronx,NY
68,tiara,fletcher,F,1985-11-19,+16335714449,tiara.fletcher@gmail.com,21502,Cumberland,MD
69,kevin,wagoner,M,1999-08-13,+13735235035,kwagoner99@yahoo.com,49441,Muskegon,MI
70,kyle,doyle,M,1994-10-16,+14019061609,kyle.doyle@aol.com,34683,Palm Harbor,FL
71,charles,deangelo,M,1994-06-29,+14957552137,cdeangelo94@icloud.com,43560,Sylvania,OH
72,roger,laperle,M,1998-02-25,+13350078184,rlaperle98@yahoo.com,7481,Wyckoff,NJ
73,michael,dvorak,M,2007-08-24,+142395400,michael.dvorak@gmail.com,88240,Hobbs,NM
74,kirk,jennings,M,1998-02-28,+18238316261,kjennings98@yahoo.com,23936,Dillwyn,VA
75,tara,jones,F,1986-06-14,+13456891265,tara.jones@gmail.com,15825,Brookville,PA
76,karen,cheung,F,2001-08-20,+1249223033,karen.cheung@gmail.com,1845,North Andover,MA
77,neal,negron,M,1989-04-16,+118861130,nnegron89@gmail.com,40214,Louisville,KY
78,carole,edwards,F,1980-07-15,+15082203459,cedwards80@yahoo.com,55105,Saint Paul,MN
79,nancy,choi,F,1997-03-23,+16357234514,nancy.choi@gmail.com,20120,Centreville,VA
80,dave,rodgers,M,1996-10-30,+15767404577,drodgers96@gmail.com,72034,Conway,AR
81,marilyn,kerr,F,1995-07-07,+13162541750,marilyn.kerr@gmail.com,40065,Shelbyville,KY
82,geraldine,mccain,F,1989-03-20,+15298467483,gmccain89@gmail.com,2067,Sharon,MA
83,mary,hoskinson,F,1994-03-28,+16699964290,mhoskinson94@yahoo.com,37814,Morristown,TN
84,carol,fitzgerald,F,1996-01-28,+13919460921,cfitzgerald96@outlook.com,78211,San Antonio,TX
85,robert,price,M,1989-02-21,+17024516893,rprice89@gmail.com,98501,Olympia,WA